city_id,city,latitude,longitude,weather,temperature,humidity,pressure,wind_speed,cloudiness,country
0,cap malheureux,-19.9859951,57.619612,Clouds,72.45,81,1016,3.69,17,MU
1,arraial do cabo,-22.9662839,-42.024427,Clouds,75.09,88,1015,11.5,75,BR
2,puerto ayora,-0.7471674,-90.3134198,Clouds,74.19,94,1012,3.0,28,EC
3,gola gokarannath,28.074659,80.4720642,Clear,48.9,62,1020,3.65,0,IN
4,hermanus,-34.4175,19.2361111,Clear,69.84,85,1012,15.82,4,ZA
5,los llanos de aridane,28.6592222,-17.9151945,Clear,61.12,80,1023,5.99,0,ES
6,yellowknife,62.4540807,-114.377385,Clouds,-15.36,100,1010,3.04,22,CA
7,kologriv,58.825497,44.311275,Clouds,32.54,93,995,7.29,100,RU
8,punta arenas,-53.1625688,-70.907822,Clouds,53.89,62,984,27.63,20,CL
9,naze,5.4519997,7.0566745,Clear,70.52,63,1011,2.91,7,NG
10,miles city,46.4085273,-105.840981,Clouds,20.32,92,1020,0.09,100,US
11,carnarvon,-24.8826131,113.6576486,Clear,78.94,56,1004,21.52,0,AU
12,albany,42.6511674,-73.754968,Clouds,37.94,87,1015,3.13,65,US
13,jamestown,-15.9277296,-5.7160872,Clouds,70.03,76,1015,12.39,29,SH
14,ilulissat,69.2197127,-51.0986385,Clouds,-3.71,71,1002,20.71,75,GL
15,tasiilaq,65.6152573,-37.6378149,Clear,1.9,53,991,8.46,0,GL
16,provideniya,64.4237364,-173.2273726,Clear,-5.01,79,995,12.19,0,RU
17,barrow,71.2905556,-156.788611,Clouds,6.82,85,1001,5.75,100,US
18,lagoa,37.13258125,-8.45505094811731,Clouds,56.68,92,1022,7.96,100,PT
19,iqaluit,63.74944,-68.521857,Clouds,-13.09,75,1009,1.99,100,CA
20,nabire,-3.360285,135.5023653,Clouds,84.83,63,1010,1.88,100,ID
21,ust-koksa,50.2695927,85.6155842,Clouds,6.22,95,1042,0.54,100,RU
22,pop,40.8743693,71.0970171,Clouds,33.08,60,1034,2.95,100,UZ
23,grindavik,63.844239,-22.4317498,Clouds,32.32,86,992,17.27,75,IS
24,kihei,20.7476261,-156.4549898,Clouds,78.82,81,1017,3.87,98,US
25,hobart,-42.8825088,147.3281233,Rain,73.2,68,1002,5.75,75,AU
26,springbok,-29.6659872,17.8825119,Clear,69.01,24,1010,3.31,1,ZA
27,ancud,-41.8682162,-73.8287225,Clouds,53.69,75,1023,6.29,68,CL
28,saint-philippe,45.3584499,-73.4790045,Clouds,35.11,91,1014,7.85,100,CA
29,avarua,-21.2074736,-159.7708145,Rain,79.2,84,1009,16.13,100,CK
30,padang,-0.9247587,100.3632561,Clouds,73.44,100,1012,2.3,20,ID
31,ylivieska,64.0728903,24.5327326,Clear,27.36,88,1006,9.62,10,FI
32,ponta do sol,32.681067,-17.104073,Rain,63.48,83,1025,6.11,100,PT
33,mar del plata,-37.9977225,-57.5482703,Rain,67.26,94,1008,18.99,100,AR
34,zhigansk,66.76564,123.3741,Clouds,-27.4,98,1021,9.1,15,RU
35,rikitea,-23.1229544,-134.9680141,Rain,77.34,74,1015,11.74,100,PF
36,qaqortoq,60.718202,-46.0385214,Clear,-6.81,66,994,6.64,0,GL
37,port elizabeth,-33.9617051,25.6207519,Clouds,68.14,93,1015,4.0,12,ZA
38,new norfolk,-42.7801998,147.0615332,Clouds,73.13,37,1001,3.78,100,AU
39,upernavik,72.7847392,-56.1469625,Clouds,-15.97,87,1006,6.62,100,GL
40,laiagam,-5.4934941,143.4888686,Clouds,70.48,57,1014,2.24,89,PG
41,caravelas,-17.7296514,-39.2660082,Clouds,75.0,88,1015,5.88,100,BR
42,esperance,-33.858228,121.8931606,Clear,65.86,56,1018,11.05,4,AU
43,busselton,-33.644499,115.3488754,Clear,68.5,45,1017,13.02,0,AU
44,changtu,30.2540469,122.3049003,Clouds,48.07,68,1033,13.42,100,CN
45,katsuura,35.1521846,140.3207449,Clouds,47.55,52,1020,11.9,12,JP
46,mahebourg,-20.4111041,57.7060616,Clear,72.34,75,1015,3.38,6,MU
47,longyearbyen,78.2231558,15.6463656,Clouds,32.27,74,999,29.93,40,SJ
48,venezuela,21.7394241,-78.7955599,Clouds,74.43,83,1019,11.34,82,CU
49,qaanaaq,77.4686357,-69.2222746,Clouds,-1.91,60,1004,3.22,100,GL
50,new castle,40.9999202,-80.3471856,Clouds,47.46,92,1017,0.0,100,US
51,praya,14.9162811,-23.5095095,Clouds,73.78,77,1015,11.61,100,CV
52,vaini,-21.1925671,-175.1772797,Rain,80.42,83,1007,14.56,100,TO
53,roald,62.5838286,6.1241844,Clouds,30.2,69,1006,10.36,99,NO
54,svetlaya,52.4482319,39.9390827,Clouds,40.91,93,1010,18.37,100,RU
55,khatanga,71.9819205,102.4714765,Clouds,-15.03,97,1022,11.12,100,RU
56,batagay,67.654907,134.635071,Clouds,-20.06,100,1019,1.9,100,RU
57,bethel,60.7922222,-161.7558333,Clouds,16.14,79,972,21.85,75,US
58,lithakia,37.7197242,20.8310438,Clear,38.05,67,1030,4.03,0,GR
59,hilo,19.7073734,-155.08158,Clouds,74.95,88,1016,5.01,97,US
60,nikolskoye,59.7034799,30.7861084,Clear,29.98,80,1008,12.33,7,RU
61,vicuna,-30.0340383,-70.7126682,Clear,71.91,56,1017,1.19,0,CL
62,atuona,-9.8037347,-139.0425737,Rain,79.14,78,1013,16.82,13,PF
63,camabatela,-8.188669,15.3742111,Rain,62.24,99,1012,1.66,100,AO
64,pevek,69.7028171,170.2746851,Clouds,-33.99,98,1017,3.24,100,RU
65,faanui,-16.48243875,-151.73383197031578,Clouds,79.97,74,1012,11.21,65,PF
66,tiksi,71.636604,128.868546,Clouds,-33.29,100,1021,5.66,83,RU
67,illoqqortoormiut,70.4850588,-21.9641992,Clouds,10.67,71,991,8.46,98,GL
68,kapaa,22.0747334,-159.3191601,Clouds,77.0,75,1017,5.01,29,US
69,wenatchee,47.4234599,-120.310349,Clouds,28.24,94,1020,3.0,43,US
70,bengkulu,-3.7922858,102.2623797,Clouds,75.54,88,1013,4.5,100,ID
71,yanam,16.7333666,82.2145164,Clouds,69.62,85,1017,1.48,39,IN
72,chupa,66.2711664,33.0547149,Snow,26.67,91,991,13.11,98,RU
73,tuktoyaktuk,69.4440189,-133.031904,Clear,-9.67,92,1007,15.1,9,CA
74,talaya,55.7870061,84.8934553,Clouds,10.38,92,1034,11.1,100,RU
75,chokurdakh,70.6193824,147.902397,Clouds,-18.87,98,1015,3.96,100,RU
76,port-gentil,-0.7149116,8.7797434,Clouds,80.83,76,1010,11.12,100,GA
77,pueblo,38.2544472,-104.609141,Clouds,39.78,66,1010,6.91,20,US
78,clyde river,46.2239354,-63.2576799,Snow,32.61,91,1002,15.99,100,CA
79,praia da vitoria,38.739237599999996,-27.156264396780458,Clouds,55.62,78,1025,12.93,88,PT
80,saldanha,-32.9977778,17.9455556,Clear,66.2,81,1007,7.49,0,ZA
81,bluff,-46.59882,168.3433685,Clouds,62.37,66,1022,2.91,92,NZ
82,narsaq,60.9127453,-46.0452698,Clear,-9.15,66,995,7.23,0,GL
83,comodoro rivadavia,-45.8632024,-67.4752615,Dust,64.85,34,1007,26.46,1,AR
84,airai,-8.92655,125.40922,Clouds,64.78,89,1010,5.99,100,TL
85,bari,41.1257843,16.8620293,Clear,55.65,75,1031,5.75,0,IT
86,salalah,17.0174945,54.1010923,Clear,70.79,45,1019,8.32,5,OM
87,saint-augustin,48.7858921,3.0292059,Clouds,56.25,83,1014,10.51,100,FR
88,leningradskiy,54.129108,79.236702,Clouds,-7.8,100,1034,6.71,81,RU
89,xichang,27.8983767,102.2627884,Clouds,42.1,94,1024,2.82,98,CN
90,mareeba,-17.129513000000003,143.92421903082817,Clouds,79.47,77,1007,5.64,97,AU
91,karatau,43.176197,70.46489,Clouds,30.61,69,1031,6.08,100,KZ
92,georgetown,6.8137426,-58.1624465,Clouds,73.69,89,1013,5.97,100,GY
93,artyk,37.5516012,59.3272718,Clear,37.31,65,1034,2.3,0,TM
94,east london,-33.0191604,27.8998573,Clouds,68.0,85,1014,11.68,13,ZA
95,te anau,-45.41449,167.717489,Clouds,72.79,50,1020,2.98,100,NZ
96,lufkin,31.3386242,-94.7288558,Clear,67.06,93,1013,6.91,0,US
97,hasaki,35.7529706,140.8201321,Clear,41.4,46,1021,11.27,1,JP
98,karratha,-20.7370067,116.8478592,Clouds,89.13,36,1002,21.97,16,AU
99,galle,51.4825041,11.9705452,Clear,56.25,65,1014,13.8,0,DE
100,hongjiang,27.2127857,109.8319249,Clouds,42.49,85,1034,4.97,100,CN
101,kaitangata,-46.2817388,169.8464139,Clouds,66.69,61,1022,9.46,44,NZ
102,meulaboh,4.1481951,96.1339107,Clouds,75.07,90,1013,3.47,92,ID
103,manjacaze,-24.7090818,33.8839378,Clouds,69.06,96,1015,3.11,61,MZ
104,mount isa,-20.7289898,139.4931522,Clouds,82.26,69,1006,16.11,100,AU
105,suntar,62.157455,117.646332,Snow,3.42,94,1027,8.79,100,RU
106,dikson,73.5083894,80.5123816,Clouds,-16.28,99,1028,6.96,100,RU
107,bambous virieux,-20.347199500000002,57.76474767388835,Clear,72.52,75,1015,2.98,6,MU
108,hodasz,47.9168268,22.2046402,Clouds,44.38,86,1029,4.59,12,HU
109,nowy dwor gdanski,54.2146299,19.1150846,Rain,48.58,89,1018,6.2,100,PL
110,kayerkan,69.349655,87.760231,Clouds,-7.85,86,1029,4.92,100,RU
111,cidreira,-30.1657063,-50.218331,Clouds,73.69,90,1011,22.06,89,BR
112,mataura,-46.192734,168.8642685,Clouds,77.22,39,1021,3.0,97,NZ
113,ushuaia,-54.806115899999995,-68.3184972880496,Rain,49.69,71,978,6.91,75,AR
114,sibolga,1.736957,98.78461,Clouds,77.9,83,1014,1.34,81,ID
115,ust-kuyga,70.00177,135.549835,Clouds,-28.5,98,1020,4.27,100,RU
116,evensk,61.919209,159.235931,Clear,-12.48,77,1011,7.67,0,RU
117,samur,47.2596224,-0.0785177,Rain,52.93,93,1014,11.65,100,FR
118,myatlevo,54.8948112,35.6803651,Clouds,35.49,97,1009,12.03,100,RU
119,boajibu,8.191165,-11.340047,Clear,67.37,83,1013,1.39,2,SL
120,castro,45.802987,10.06706,Clouds,50.61,73,1029,1.99,100,IT
121,basna,27.6192942,76.3461292,Clear,46.09,59,1021,0.38,0,IN
122,port blair,11.6645348,92.7390448,Mist,78.22,73,1014,4.61,40,IN
123,barentsburg,78.065362,14.2172367,Clouds,31.6,89,1001,12.17,79,SJ
124,port alfred,-33.5981844,26.8914772,Clear,68.04,88,1014,13.24,4,ZA
125,mehamn,71.0389923,27.8517589,Snow,31.95,100,994,2.3,100,NO
126,vila velha,-20.3297037,-40.2920174,Clouds,76.95,90,1018,2.3,75,BR
127,bhabua,25.0420354,83.6087865,Clear,48.34,72,1021,2.13,1,IN
128,cape town,-33.928992,18.417396,Clear,68.09,69,1010,1.99,0,ZA
129,victoria,48.4283182,-123.3649533,Clouds,41.29,91,1018,5.75,100,CA
130,podosinovets,60.279064,47.06477,Clouds,31.6,96,992,7.07,98,RU
131,sitka,57.0524973,-135.337612,Rain,44.42,70,987,24.16,100,US
132,henties bay,-22.1130313,14.2881683522115,Clouds,64.62,90,1010,3.11,76,NA
133,kruisfontein,-34.0119558,24.7433295,Clouds,61.99,97,1014,4.09,49,ZA
134,jaisalmer,26.9116615,70.9124888,Clear,56.95,26,1019,5.84,5,IN
135,palu,-0.8957793,119.8679974,Clouds,86.0,56,1012,1.97,100,ID
136,amderma,69.7522076,61.662267280204404,Clouds,-10.73,96,1015,17.65,82,RU
137,flinders,-20.862898,144.2526073309786,Clouds,87.26,45,1007,10.45,95,AU
138,bathsheba,13.2129361,-59.5227245,Rain,73.8,94,1016,27.63,75,BB
139,tulun,54.562096,100.579216,Clouds,-18.13,99,1044,3.53,90,RU
140,cayenne,4.9371143,-52.3258307,Clouds,73.42,100,1013,2.3,100,GF
141,chimbote,-9.0744966,-78.593609,Clouds,68.85,81,1016,6.91,99,PE
142,saurimo,-9.6589303,20.3981118,Rain,62.98,99,1012,3.0,100,AO
143,gushikawa,26.3589102,127.8675878,Clouds,63.88,68,1025,6.91,40,JP
144,sumbawa,-8.5949025,117.27160682483327,Rain,70.23,85,1010,5.23,100,ID
145,lebu,-37.6099644,-73.6559477,Clear,56.59,78,1023,14.9,0,CL
146,biltine,14.525174,20.928701,Clear,63.32,33,1015,16.51,0,TD
147,bronnoysund,65.4748755,12.2116394,Clouds,33.01,55,1006,10.36,13,NO
148,espanola,35.9910962,-106.0808358,Clouds,46.2,65,1005,8.9,100,US
149,maniitsoq,65.4175454,-52.8967885,Clouds,2.17,76,1003,10.36,22,GL
150,kashary,49.036999,41.008045,Clouds,44.08,89,1019,16.42,62,RU
151,ijaki,22.9372399,57.7570944,Clear,63.82,57,1021,4.99,1,OM
152,palmer,61.5995703,-149.11109,Clouds,33.71,70,972,14.97,100,US
153,torbay,47.6576953,-52.726986,Rain,37.76,97,988,8.05,100,CA
154,sakakah,29.9784008,40.2047701,Clouds,49.24,53,1026,13.51,100,SA
155,bang saphan,11.2123213,99.5087564,Clouds,72.91,72,1016,6.62,43,TH
156,tual,-5.6389933,132.7429249,Clouds,83.7,74,1009,14.14,100,ID
157,ribeira grande,37.8225227,-25.5194914,Clouds,57.54,62,1026,17.27,20,PT
158,butaritari,2.9205375,172.91886331442205,Clouds,81.95,74,1008,14.99,100,KI
159,namibe,-15.195064,12.1458085,Clouds,74.17,70,1010,6.73,100,AO
160,palabuhanratu,-6.9882409,106.5503728,Clouds,80.02,79,1013,3.22,100,ID
161,husavik,66.0433168,-17.3410402,Clouds,21.0,75,996,18.12,100,IS
162,siyabuswa,-25.113333,29.056111,Clouds,63.57,84,1017,1.61,13,ZA
163,neiafu,-18.6515538,-173.9833124,Rain,84.88,84,1009,10.36,75,TO
164,san francisco,37.7790262,-122.419906,Clouds,54.9,63,1012,20.71,75,US
165,marawi,8.0047262,124.2854351,Clouds,73.36,82,1013,3.65,54,PH
166,nikolayevsk-na-amure,53.138729,140.72493,Clouds,-14.8,83,1010,6.71,43,RU
167,belmonte,39.5592831,-2.7038117,Clouds,45.54,44,1023,5.75,100,ES
168,vardo,70.3308174,30.961751972265887,Snow,34.48,80,993,14.97,75,NO
169,ambunti,-4.218041,142.822534,Clouds,77.85,87,1010,1.72,100,PG
170,nome,64.5011111,-165.4063889,Clear,17.67,67,982,4.61,0,US
171,uberaba,-19.350876900000003,-48.24289795348889,Clear,69.39,87,1014,4.23,0,BR
172,salihorsk,52.7893039,27.5318168,Clouds,45.91,88,1020,12.03,100,BY
173,thompson,55.743347,-97.863464,Clouds,-10.05,100,1015,2.59,59,CA
174,luderitz,-26.6500086,15.157266,Clouds,67.03,80,1008,10.49,66,NA
175,mys shmidta,68.8928813,-179.4130958,Clouds,-28.84,97,1014,6.64,93,RU
176,codrington,51.508188,-2.3936619,Clouds,44.19,94,1008,1.99,100,GB
177,pamanukan,-6.2841644,107.8210101,Clouds,79.39,79,1012,12.12,100,ID
178,shar,24.3445577,56.7424766,Clear,71.37,62,1021,8.25,0,OM
179,huambo,-12.7765392,15.7320468,Rain,59.85,98,1011,2.04,100,AO
180,okhotsk,59.3643921,143.2410816,Clouds,-6.65,81,1002,22.66,100,RU
181,krasnogorskoye,54.6632525,22.2534287,Clouds,45.79,84,1019,9.69,100,RU
182,ozinki,51.198559,49.72654,Clouds,35.89,98,1009,16.71,100,RU
183,acapulco,16.8680495,-99.8940182,Clouds,80.08,74,1013,6.91,75,MX
184,laguna,-28.4837443,-48.7816572,Clear,74.97,90,1013,17.72,5,BR
185,waingapu,-9.652179,120.2636908,Clouds,84.92,65,1008,16.84,100,ID
186,kuito,-0.2201641,-78.5123274,Rain,50.63,94,1027,6.91,100,EC
187,malakal,9.5388487,31.6584168,Clouds,75.61,28,1010,8.52,15,SS
188,fairbanks,64.837845,-147.716675,Clouds,16.0,85,975,3.44,100,US
189,santa cruz de la palma,28.6818901,-17.7663354,Clear,65.84,68,1023,5.75,0,ES
190,yerbogachen,61.275021,108.009712,Clouds,-15.12,90,1039,6.46,67,RU
191,caceres,39.4745175,-6.3716761,Clouds,48.7,93,1022,4.09,98,ES
192,northam,51.0505743,-4.211341809956307,Clouds,47.7,92,1009,9.53,100,GB
193,sibu,2.2906434,111.8256158,Clouds,77.63,91,1012,2.51,100,MY
194,hithadhoo,1.7959425,73.38755195657038,Clouds,81.23,67,1013,18.28,57,MV
195,lorengau,-2.0329567,147.2789185,Clouds,84.47,70,1009,5.3,15,PG
196,malinovskiy,54.153611,34.534722,Clouds,44.1,89,1011,19.04,100,RU
197,harper,41.3624875,-92.0510088,Clouds,35.94,86,1017,5.14,100,US
198,kisangani,0.5184021,25.2057292,Clouds,71.17,87,1009,1.25,100,CD
199,saint-joseph,49.5344534,-1.529802,Clouds,46.96,100,1011,8.05,100,FR
200,umm kaddadah,13.6002208,26.6892786,Clear,60.75,36,1016,16.64,0,SD
201,fortuna,40.597407,-124.156034,Clear,48.38,82,1015,3.44,0,US
202,southampton,50.9025349,-1.404189,Clouds,43.52,96,1008,1.01,100,GB
203,nouadhibou,20.9127045,-17.0503094,Clear,70.21,57,1018,14.54,0,MR
204,kahului,20.8894101,-156.4727118,Clouds,79.86,70,1016,17.27,40,US
205,matai,28.4176905,30.7861579,Clear,53.82,84,1020,7.02,0,EG
206,sao filipe,14.8952963,-24.4969361,Clouds,74.44,76,1015,5.32,100,CV
207,lincoln,40.8088861,-96.7077751,Clouds,38.43,73,1015,6.91,40,US
208,aklavik,68.2182579,-135.013585,Clouds,-9.33,99,1003,6.17,100,CA
209,imeni poliny osipenko,52.422848,136.48938,Clouds,-22.65,90,1015,2.3,23,RU
210,vilyuysk,63.754082,121.626549,Clouds,-2.9,94,1022,7.25,100,RU
211,bredasdorp,-34.533055,20.042778,Clouds,66.31,89,1013,12.73,16,ZA
212,rio branco,-9.9765362,-67.8220778,Clouds,73.94,100,1010,2.3,20,BR
213,hebi,35.7479577,114.2915957,Clouds,32.31,32,1039,6.33,100,CN
214,faya,17.9209323,19.0953202,Clear,58.44,36,1020,24.47,0,TD
215,hibbing,47.427155,-92.937689,Mist,24.98,65,1013,5.75,100,US
216,san carlos de bariloche,-41.1334421,-71.3098425,Clouds,54.05,54,1017,9.53,100,AR
217,zabol,31.0277779,61.4948211,Clear,48.74,31,1028,22.32,0,IR
218,asyut,27.1832822,31.1853836,Clear,52.81,76,1020,6.76,0,EG
219,grand river south east,-20.2907247,57.7851931,Clear,72.48,75,1015,2.57,8,MU
220,talnakh,69.4939889,88.3907607,Clouds,-10.71,78,1029,4.25,100,RU
221,mergui,12.4319552,98.5955711,Clouds,69.93,66,1016,4.76,64,MM
222,sao joao da barra,-21.6348588,-41.0487079,Rain,73.98,86,1016,13.78,100,BR
223,krasnoselkup,65.704239,82.458855,Clouds,-15.23,98,1028,9.13,97,RU
224,lima,-12.0621065,-77.0365256,Clear,68.47,83,1015,10.36,0,PE
225,walvis bay,-22.9542501,14.5074577,Clouds,64.09,85,1009,5.3,87,NA
226,vestmannaeyjar,63.42704985,-20.269317184750797,Clouds,37.26,58,996,24.7,100,IS
227,bolungarvik,66.1575503,-23.2507273,Snow,31.5,81,989,10.96,100,IS
228,canchungo,12.066422,-16.031912,Clouds,71.33,88,1012,3.51,100,GW
229,sisimiut,66.9371906,-53.6664816,Clouds,-3.05,88,1005,10.45,79,GL
230,geraldton,-28.77035,114.6147159,Clear,80.76,34,1008,18.41,0,AU
231,alofi,-19.0534159,-169.919199,Rain,79.77,79,1008,22.28,100,NU
232,barra patuca,15.8026938,-84.2967753,Clouds,77.13,84,1016,8.16,25,HN
233,paamiut,61.994618,-49.6659478,Clear,8.19,76,1000,15.99,6,GL
234,eirunepe,-6.6567654,-69.866161,Clouds,70.32,99,1011,1.79,100,BR
235,veraval,20.9101099,70.365279,Clouds,64.99,39,1017,9.75,14,IN
236,hovd,48.0006353,91.6452415,Clouds,-4.74,93,1045,2.28,91,MN
237,klaksvik,62.2266084,-6.5852705,Clouds,27.64,54,1004,13.69,96,FO
238,betsiamites,48.9415643,-68.6409135,Clouds,22.8,78,1010,10.94,88,CA
239,ringebu,61.5572191,10.364927458738272,Clouds,2.05,92,1015,2.26,100,NO
240,luau,-10.7025518,22.2275381,Clouds,62.91,99,1013,1.66,100,AO
241,chengde,40.957718,117.9543248,Clear,12.42,48,1042,3.85,0,CN
242,hofn,64.2532647,-15.2080441,Clouds,24.49,56,1001,6.44,100,IS
243,burica,8.0637437,-82.9127307,Rain,78.84,76,1013,1.95,2,PA
244,manokwari,-0.8614456,134.0767324,Clouds,82.65,71,1010,3.15,100,ID
245,brae,60.3963461,-1.3536585,Clouds,40.23,71,1004,10.56,100,GB
246,coquimbo,-29.9531928,-71.3379884,Clear,62.47,94,1016,12.66,0,CL
247,ranong,9.964128,98.6340038,Clouds,73.29,79,1015,6.02,75,TH
248,labuhan,-6.891973,112.9897177,Rain,80.37,84,1011,18.07,100,ID
249,calamar,10.2526122,-74.9146691,Clear,76.08,87,1012,4.92,0,CO
250,tsihombe,-25.318547,45.484057,Clouds,75.13,88,1012,9.22,100,MG
251,vredendal,-31.679444,18.492222,Clear,69.8,69,1008,2.28,0,ZA
252,atar,20.5181943,-13.0543928,Clear,70.52,21,1018,9.13,0,MR
253,belize,17.5000543,-88.2003115,Clear,78.06,82,1015,11.61,1,BZ
254,anadyr,64.7316875,177.5060925,Clouds,-31.43,99,1009,8.86,93,RU
255,fallon,47.5075937,6.4807726,Clouds,51.03,88,1020,1.36,26,FR
256,taburi,8.7084388,117.3444838,Rain,80.31,79,1012,5.39,98,PH
257,samusu,-13.9974088,-171.4288872,Clouds,80.11,78,1010,4.7,100,WS
258,tahta,26.7676025,31.4955936,Clear,53.17,67,1020,7.25,0,EG
259,bariadi,-2.790511,33.992396,Clear,61.48,70,1013,6.85,1,TZ
260,faro,37.0162727,-7.9351771,Clouds,58.89,100,1022,4.61,40,PT
261,tessalit,20.2019542,1.0124531,Clear,57.88,20,1020,11.14,0,ML
262,beachwood,41.464498,-81.508732,Mist,44.74,96,1016,8.05,100,US
263,puerto carreno,6.1879711,-67.4894667,Clouds,84.18,52,1010,8.41,38,CO
264,bargal,11.286823,51.07795,Clouds,74.75,73,1018,14.79,34,SO
265,camargo,-28.5865661,-52.2031474,Clear,72.14,70,1011,2.17,3,BR
266,locri,38.2385368,16.2655092,Clear,51.39,75,1031,3.69,0,IT
267,iquitos,-3.749365,-73.2444145,Rain,77.04,88,1011,0.0,100,PE
268,armacao dos buzios,-22.7597805,-41.8875267,Rain,75.15,89,1015,19.69,68,BR
269,petauke,-14.2501789,31.3297784,Rain,63.59,96,1013,7.54,99,ZM
270,okha,53.5891082,142.9497542,Clouds,-15.66,88,1006,15.79,67,RU
271,san patricio,27.9695325,-97.7731720386266,Clear,70.47,89,1011,13.35,8,US
272,kristinehamn,59.3113619,14.11176,Snow,28.92,97,1009,9.8,100,SE
273,carandai,-20.9523934,-43.8043903,Clouds,62.33,98,1017,9.04,100,BR
274,nanortalik,60.1400246,-45.2428523,Clear,9.84,66,994,13.78,0,GL
275,port keats,-14.2413341,129.5208699,Rain,82.04,83,1003,25.7,100,AU
276,iskateley,67.676239,53.129215,Snow,1.67,95,999,19.44,100,RU
277,izumo,35.3668891,132.7548827,Clouds,46.29,53,1025,12.66,75,JP
278,chuguyevka,44.1686667,133.8729678,Clouds,0.48,88,1027,10.42,100,RU
279,dabat,16.190594,43.638891,Clouds,55.92,55,1018,4.5,43,YE
280,adrar,27.8733807,-0.2874884,Clear,50.22,40,1022,8.05,0,DZ
281,kaeo,-35.1017438,173.7751075,Clouds,72.45,71,1017,17.05,100,NZ
282,the valley,18.2145861,-63.0517759,Clear,78.57,76,1018,17.65,1,AI
283,bahia honda,7.711183,-80.4535353,Clouds,76.03,99,1013,0.36,29,PA
284,datong,40.0919817,113.2951122,Clouds,15.13,55,1042,2.77,44,CN
285,norman wells,65.282401,-126.832725,Snow,5.04,78,1002,13.8,75,CA
286,matara,5.947822,80.5482919,Clouds,72.09,91,1013,4.43,100,LK
287,nanao,37.0521078,136.946461,Clouds,37.72,70,1026,11.95,99,JP
288,deputatskiy,54.8408485,61.1269918,Clouds,3.58,97,1018,11.61,94,RU
289,shaki,41.2033609,47.1802623,Clouds,38.59,36,1032,5.03,12,AZ
290,arlit,18.739079,7.393331,Clear,57.45,25,1019,7.54,0,NE
291,attawapiskat,52.9244075,-82.4270112,Clouds,-5.8,77,1013,2.3,100,CA
292,souillac,44.8980172,1.46943,Clouds,60.12,63,1017,11.97,100,FR
293,obigarm,38.7182807,69.7134525,Clouds,13.69,66,1043,7.56,90,TJ
294,oranjemund,-28.551932,16.428415,Clouds,63.39,96,1010,3.65,23,NA
295,altonia,-23.8722004,-53.894037,Clouds,76.73,73,1010,7.18,36,BR
296,parlakimidi,18.7802875,84.0895069,Clouds,68.31,86,1018,2.98,73,IN
297,markala,13.6858601,-6.0686133,Clear,68.83,15,1014,8.66,7,ML
298,itupiranga,-5.1337224,-49.3321988,Clouds,79.07,96,1012,2.66,100,BR
299,vestmanna,62.156,-7.166,Clouds,27.64,68,1003,1.14,89,FO
300,santiago del estero,-27.7877148,-64.2595062,Clear,85.44,40,1009,13.76,0,AR
301,saryg-sep,51.492626,95.554681,Clouds,-13.32,99,1050,1.95,98,RU
302,port macquarie,-31.4299499,152.9103525,Clear,79.84,56,1012,8.37,0,AU
303,oulainen,64.2667732,24.8000331,Clear,25.81,90,1005,9.08,7,FI
304,san quintin,30.5613719,-115.938162,Clouds,57.87,66,1013,21.07,22,MX
305,tiarei,-17.558316750000003,-149.37107895658022,Clouds,80.82,77,1013,9.48,32,PF
306,la ronge,55.1005283,-105.2900485,Snow,15.98,86,1012,2.3,75,CA
307,pisco,-13.7099813,-76.2029793,Rain,73.29,64,1015,4.61,0,PE
308,rosetta,31.404444,30.416389,Clouds,61.34,78,1021,10.58,93,EG
309,muisne,0.6104236,-80.0185958,Clouds,76.23,79,1014,6.49,99,EC
310,goleta,34.4358295,-119.8276389,Clouds,55.11,73,1009,17.27,75,US
311,dalvik,65.9710942,-18.5304388,Clouds,24.73,70,994,16.53,100,IS
312,skjervoy,70.17099735,20.69898970978413,Snow,27.28,86,997,13.0,96,NO
313,ixtapa,16.8032586,-92.9053697,Clouds,73.0,78,1015,3.69,100,MX
314,kodiak,57.79,-152.4072222,Rain,38.71,100,965,6.91,100,US
315,axim,4.865362,-2.242169,Clear,78.15,73,1011,3.36,3,GH
316,itoman,26.106017,127.686066,Clouds,64.02,63,1026,13.8,75,JP
317,novoagansk,61.945927,76.673714,Clouds,-14.66,97,1029,4.76,100,RU
318,luanda,-8.8272699,13.2439512,Clouds,76.64,86,1010,5.17,100,AO
319,surt,31.2059625,16.5836206,Rain,62.42,70,1027,7.99,57,LY
320,dalby,-27.1822593,151.2634168,Clear,83.1,39,1010,6.29,0,AU
321,karaman,37.1816057,33.2181855,Clear,32.34,55,1033,3.06,0,TR
322,den helder,52.9529894,4.8267592494488,Drizzle,47.28,98,1007,7.0,100,NL
323,chuy,-33.6937948,-53.4561114,Rain,73.56,84,1007,17.56,100,BR
324,bonavista,48.6541763,-53.110338,Snow,34.34,98,991,22.1,100,CA
325,muros,40.678061,8.617315,Clear,48.65,80,1027,4.81,9,IT
326,touros,-5.1998625,-35.4595051,Clouds,78.76,81,1013,10.54,100,BR
327,hambantota,6.1249126,81.1242563,Clouds,71.92,85,1014,12.12,73,LK
328,smolensk,54.7814057,32.0461261,Clouds,36.21,95,1014,13.09,100,RU
329,uyar,55.809986,94.327774,Clouds,12.61,95,1036,2.98,100,RU
330,tahoua,14.889922,5.262149,Clear,59.02,21,1016,14.14,1,NE
331,puntarenas,9.9773343,-84.8346402,Clouds,77.45,82,1013,3.42,27,CR
332,oussouye,12.4889623,-16.5432771,Clouds,66.29,59,1012,3.36,100,SN
333,nizhneyansk,71.440445,136.130646,Clouds,-32.01,100,1019,8.39,100,RU
334,santa cruz,28.469648,-16.2540884,Clear,65.37,78,1025,3.0,0,ES
335,saint anthony,45.0283001,-93.2187368,Clear,23.5,85,1016,5.75,0,US
336,rozivka,47.3866992,37.0675861,Clouds,40.42,86,1026,13.47,52,UA
337,snasa,64.18526075,12.6227838648384,Clouds,2.43,97,1012,5.66,25,NO
338,tulsipur,28.10627885,82.31895613569378,Clear,48.79,81,1021,4.12,0,NP
339,tecoanapa,16.9875,-99.258889,Clouds,71.49,73,1014,2.39,79,MX
340,mlowo,-9.0140224,33.0020615,Clouds,57.76,92,1014,1.43,100,TZ
341,mana,43.0818375,0.9504994,Clouds,51.96,44,1018,7.27,100,FR
342,banepa,27.64735905,85.51750837501186,Mist,40.75,100,1023,0.0,40,NP
343,curup,-3.3354163,104.1518866,Clouds,76.21,91,1013,3.69,63,ID
344,valle hermoso,25.6696972,-97.813557,Clouds,71.47,89,1011,15.82,13,MX
345,tuatapere,-46.1323096,167.6907627,Clouds,69.82,56,1022,6.76,100,NZ
346,severo-kurilsk,50.6683048,156.1154399,Snow,28.49,93,992,14.03,100,RU
347,gamba,28.2764084,88.5165114,Clear,12.65,63,1018,7.05,0,CN
348,borlange,60.4856426,15.4234561,Clouds,16.63,94,1011,1.01,100,SE
349,pochutla,17.660556,-98.897778,Clouds,67.5,60,1016,5.55,100,MX
350,kavieng,-2.573474,150.795224,Clouds,84.49,67,1009,3.65,100,PG
351,mountain home,43.1329504,-115.691197,Clear,31.14,93,1001,10.36,0,US
352,beyneu,45.321377,55.186226,Clouds,35.01,83,1026,10.2,97,KZ
353,flin flon,54.769801,-101.878967,Clouds,-5.96,100,1015,3.18,76,CA
354,dzhebariki-khaya,62.218327,135.859451,Clouds,-42.61,99,1022,0.51,94,RU
355,lavrentiya,65.5837793,-171.0058116,Clouds,-12.3,93,996,12.24,35,RU
356,cabo san lucas,22.8938884,-109.9200604,Clear,72.57,67,1011,12.66,0,MX
357,phan thiet,10.931025,108.1014632,Clouds,77.56,71,1014,3.06,88,VN
358,el alto,-16.5048228,-68.1624337,Clouds,48.52,81,1036,5.75,75,BO
359,barrhead,54.1262362,-114.4044117,Clouds,18.3,87,1013,7.27,59,CA
360,sur,33.2721211,35.1964023,Clouds,64.04,45,1024,14.61,88,LB
361,ngukurr,-14.7341439,134.7323402,Clouds,88.09,55,1005,22.35,99,AU
362,fartura,-23.390039,-49.5109023,Clouds,72.01,81,1014,5.06,18,BR
363,qostanay,53.2146604,63.632607,Fog,6.87,92,1018,0.0,100,KZ
364,diamantino,-14.4036262,-56.4364488,Clouds,74.71,82,1011,3.69,69,BR
365,muravlenko,63.7947977,74.4969322,Clouds,-19.75,98,1027,6.69,100,RU
366,honiara,-9.4310769,159.9552552,Clouds,82.99,82,1009,8.32,80,SB
367,bandarbeyla,9.4952646,50.8127815,Clouds,76.35,76,1016,22.12,67,SO
368,babayurt,43.6004059,46.7775013,Clouds,46.24,58,1029,7.54,100,RU
369,high level,58.516667,-117.133333,Clouds,-2.07,92,1007,0.0,20,CA
370,victor harbor,-35.5545579,138.6234743,Clear,66.94,76,1008,1.99,0,AU
371,timaru,-44.3930254,171.2509786,Clear,71.17,61,1025,10.0,7,NZ
372,broken hill,-31.965,141.4511111,Clouds,94.39,28,1006,17.83,83,AU
373,makakilo city,21.3469444,-158.0858333,Clouds,78.01,62,1017,11.5,100,US
374,lata,18.3983393,76.562087,Clear,63.55,61,1017,7.0,0,IN
375,mizan teferi,6.9952914,35.5868945,Clear,61.47,79,1014,3.13,8,ET
376,jiwani,25.0503174,61.7465561,Clear,66.74,41,1020,12.62,0,PK
377,yeppoon,-23.1348035,150.7436625,Clouds,84.22,62,1009,13.35,47,AU
378,curumani,9.1995316,-73.5440609,Clear,74.44,89,1012,4.88,9,CO
379,saskylakh,71.9649533,114.0939433,Clouds,-6.02,99,1019,3.74,100,RU
380,mount gambier,-37.8246698,140.7820067624113,Clear,74.21,51,1009,9.26,2,AU
381,cachoeira do sul,-30.0482234,-52.8901686,Rain,83.46,46,1008,7.02,100,BR
382,khandagayty,50.7330745,92.0726451,Clouds,-7.19,98,1049,1.54,100,RU
383,komsomolskiy,43.98266,46.6950001,Clouds,45.14,65,1028,9.06,100,RU
384,narasannapeta,18.4150974,84.0446974,Clouds,71.4,78,1017,2.82,95,IN
385,dingle,11.0000758,122.6717839,Clouds,78.48,88,1013,9.37,100,PH
386,marfino,55.8309084,37.5914584,Rain,35.87,98,1006,13.2,100,RU
387,saint-francois,47.0018865,-70.8129222,Clear,30.11,100,1012,2.3,10,CA
388,gorin,51.198719,136.661621,Clouds,-15.41,88,1016,2.51,33,RU
389,north mankato,44.1732916,-94.0338055,Clear,27.36,91,1016,8.05,0,US
390,yamada,39.4676541,141.9490556,Clear,31.78,49,1018,18.68,10,JP
391,dom pedrito,-30.983755,-54.6746483,Rain,86.16,36,1005,8.77,97,BR
392,bara,48.4255768,21.7170417,Clouds,41.74,91,1029,1.92,29,HU
393,lazaro cardenas,20.225,-97.5931,Clouds,75.52,82,1012,3.36,76,MX
394,kamnik,46.2257358,14.6118936,Clouds,43.02,89,1028,2.3,40,SI
395,sao lourenco do oeste,-26.35566,-52.849837,Clear,67.5,81,1012,3.85,2,BR
396,milkovo,41.5207611,24.6837361,Clear,40.15,55,1032,2.86,0,BG
397,bulbucata,44.2771942,25.822484,Clouds,43.03,79,1029,7.36,12,RO
398,raudeberg,61.9849433,5.13778,Clouds,35.01,67,1006,7.81,100,NO
399,seoul,37.5666791,126.9782914,Clear,24.33,39,1034,8.05,0,KR
400,kasongo-lunda,-6.4786095,16.8168133,Rain,68.88,98,1011,0.85,100,CD
401,ferrandina,40.501218,16.454683,Clear,46.4,84,1031,0.56,0,IT
402,lompoc,34.6391501,-120.4579409,Haze,52.29,87,1012,17.27,100,US
403,ulaangom,49.9800327,92.068851,Clouds,-12.41,98,1052,0.81,100,MN
404,benguela,-12.5790048,13.4037117,Clouds,76.66,84,1010,1.34,100,AO
405,pokrovsk,61.48327,129.1540617,Clouds,-23.82,99,1021,2.15,100,RU
406,naerbo,58.666471,5.639316,Clouds,34.03,91,1007,8.86,100,NO
407,takoradi,4.887401,-1.7519316,Clear,78.12,71,1011,1.74,5,GH
408,kirakira,-10.4568963,161.9201736,Rain,80.92,84,1008,9.42,100,SB
409,kurilsk,45.2290413,147.8751845,Snow,23.65,60,1003,18.28,100,RU
410,karaton,-6.3423793,106.1044635,Rain,77.07,84,1013,4.41,100,ID
411,pangnirtung,66.1480197,-65.7172826,Clouds,-22.9,88,1011,5.39,93,CA
412,porto santo,33.0657845,-16.336223627136313,Clouds,61.41,72,1025,10.36,40,PT
413,palpa,-14.5336698,-75.1851731,Rain,74.17,66,1017,4.36,100,PE
414,douentza,15.0068749,-2.9529649,Clear,66.06,12,1015,5.19,3,ML
415,haines junction,60.7527212,-137.5100384,Clouds,19.35,86,989,1.14,100,CA
416,whyalla,-33.0382085,137.5843572,Clear,77.74,51,1008,18.57,0,AU
417,karasjok,69.4720741,25.5183286,Clouds,28.92,79,996,9.93,100,NO
418,senador jose porfirio,-2.5935424,-51.948209,Rain,73.98,94,1012,3.4,98,BR
419,fraserburgh,57.6935974,-2.0051497,Clouds,34.29,79,1004,20.78,76,GB
420,estevan,49.1428076,-102.9910752,Clear,-1.97,84,1015,4.61,0,CA
421,cabinda,-5.5576435,12.1919468,Rain,75.45,89,1010,2.68,100,AO
422,hualmay,-11.0967129,-77.6129018,Clouds,70.65,79,1016,9.8,78,PE
423,ostrovnoy,68.0544447,39.5129384,Snow,23.5,93,989,12.84,100,RU
424,mayo,45.6634129,-75.345801,Clouds,31.05,94,1016,2.51,100,CA
425,chernyshevskiy,63.0155918,112.4642349,Clouds,-13.54,86,1032,4.56,84,RU
426,poum,-20.2316547,164.029894,Clouds,78.58,73,1004,9.51,20,NC
427,deori khas,23.3901704,79.0161133,Clear,47.48,73,1021,5.12,5,IN
428,kavaratti,10.5672203,72.6394636,Clouds,81.68,67,1014,10.83,40,IN
429,pitimbu,-7.4728063,-34.811233,Clouds,77.36,82,1013,10.49,79,BR
430,saint-pierre,48.3832725,7.4718731,Clouds,54.81,72,1018,7.14,87,FR
431,aksarka,66.5582332,67.8051987,Clouds,-26.66,100,1023,4.41,100,RU
432,cootamundra,-34.6394513,148.025723,Clear,87.85,37,1010,5.77,0,AU
433,satitoa,-14.0286686,-171.4306473,Clouds,80.26,78,1010,4.83,100,WS
434,prattville,32.4640245,-86.4596966,Clear,55.87,87,1020,3.44,0,US
435,buraydah,26.331667,43.971667,Rain,50.43,100,1024,12.66,75,SA
436,daru,-9.069901,143.210029,Clouds,86.85,58,1009,5.46,69,PG
437,badia polesine,45.0940564,11.4934621,Clouds,48.02,83,1030,0.49,100,IT
438,vila franca do campo,37.7171624,-25.4335352,Clouds,57.61,69,1028,9.64,100,PT
439,jiangyou,31.9525495,104.9347205,Clouds,40.57,73,1033,1.77,96,CN
440,urubicha,-15.6282387,-63.0841318,Clouds,75.6,84,1009,3.24,93,BO
441,gejiu,23.3618738,103.1577391,Clouds,44.22,89,1024,2.51,18,CN
442,alugan,12.218753,125.4821759,Clouds,80.64,86,1013,10.96,87,PH
443,mersin,36.7978381,34.6298391,Clear,52.3,33,1028,6.58,0,TR
444,yulara,-25.2410108,130.9869405,Clouds,94.87,32,1004,13.91,100,AU
445,am timan,11.0396368,20.2826429,Clear,70.47,32,1011,6.58,0,TD
446,conakry,9.5170602,-13.6998434,Mist,77.14,83,1012,2.3,42,GN
447,togur,58.358292,82.829697,Clouds,-0.35,98,1031,1.88,100,RU
448,marsaxlokk,35.8417662,14.5448353,Clouds,54.41,94,1030,2.3,40,MT
449,anito,9.2296063,124.7444003,Clouds,78.57,84,1012,8.05,98,PH
450,assiniboia,49.628169,-105.993336,Clear,17.31,79,1018,6.91,5,CA
451,sao miguel do oeste,-26.7278977,-53.5176689,Clouds,71.94,76,1011,3.47,90,BR
452,hamilton,43.2560802,-79.8728583,Clouds,39.34,92,1016,2.3,83,CA
453,nantucket,41.315731400000004,-70.00901408779944,Clear,43.79,74,1014,11.01,0,US
454,tukuran,7.8542433,123.5736244,Clouds,80.89,75,1011,4.83,94,PH
455,pocone,-16.2581978,-56.6325633,Clouds,79.66,68,1009,5.03,26,BR
456,pacific grove,36.6211149,-121.917794,Clear,53.01,83,1012,18.01,0,US
457,ponta delgada,37.7394344,-25.6683618,Clouds,57.92,58,1026,13.8,20,PT
458,metro,-5.1078839,105.3078642,Clouds,77.4,85,1013,6.11,100,ID
459,honningsvag,70.9802638,25.977841,Snow,33.75,86,995,5.75,100,NO
460,jijiga,9.3508526,42.8003788,Clouds,59.38,88,1018,7.76,65,ET
461,nongstoin,25.5193851,91.2677506,Clear,50.16,62,1021,2.57,0,IN
462,tautira,-27.145219,-109.430579,Rain,75.96,64,1026,9.22,75,CL
463,praia,14.9162811,-23.5095095,Clouds,73.63,77,1015,11.63,100,CV
464,baykit,61.6808261,96.3830221,Clouds,-3.87,99,1035,2.15,100,RU
465,sao jose da coroa grande,-8.889375,-35.151461,Clouds,76.17,88,1013,7.18,82,BR
466,babaeski,41.4302616,27.0917789,Clear,43.32,76,1031,1.59,0,TR
467,trincomalee,8.576425,81.2344952,Clouds,78.75,67,1015,14.09,81,LK
468,ahuimanu,21.4406125,-157.8321451624266,Clouds,77.13,74,1018,11.5,75,US
469,yerofey pavlovich,53.959244,121.9524,Clouds,-5.48,82,1030,3.2,100,RU
470,port hardy,50.7244402,-127.4976081,Clouds,40.98,87,1014,5.75,100,CA
471,san rafael,37.9735346,-122.5310874,Clear,54.54,60,1013,8.05,0,US
472,yatou,33.8084033,104.3247758,Clouds,27.19,71,1033,1.79,100,CN
473,rio gallegos,-51.64607595,-69.26322885452636,Clear,62.67,51,989,28.77,0,AR
474,tigil,57.7598,158.6836121,Clouds,-2.6,89,1001,2.75,70,RU
475,hohhot,40.8337963,111.6730788,Clouds,6.94,78,1033,4.47,100,CN
476,vaitupu,-7.4769458,178.6807836433052,Clear,82.45,64,1008,11.5,8,TV
477,paita,-5.0851637,-81.1136793,Clouds,70.72,73,1015,16.69,100,PE
478,alindao,5.0421303,21.2109342,Clouds,76.71,36,1009,3.47,88,CF
479,guerrero negro,27.9709506,-114.036389,Clouds,60.31,68,1015,14.92,41,MX
480,port moresby,-9.4743301,147.1599504,Clouds,92.35,49,1009,6.91,40,PG
481,pervomayskoye,54.5910845,22.2635473,Clouds,44.96,88,1019,6.96,100,RU
482,rostovka,50.0476494,72.6847428,Clouds,19.56,96,1031,9.44,100,KZ
483,benghazi,32.1060708,20.0666748,Clear,58.19,75,1027,8.88,0,LY
484,nykoping,58.7545409,17.0120656,Rain,35.92,93,1012,8.05,75,SE
485,tukums,56.9669816,23.1524528,Clouds,36.75,96,1017,0.72,100,LV
486,tsuyama,35.0691284,134.0043355,Clouds,48.09,68,1025,3.85,89,JP
487,aykhal,65.9516363,111.4917562,Clouds,-13.72,94,1028,5.06,98,RU
488,niquelandia,-14.4648655,-48.4572244,Rain,69.82,91,1014,1.83,40,BR
489,lebowakgomo,-24.3002778,29.5411111,Clouds,54.28,89,1016,1.28,42,ZA
490,cockburn town,21.4607723,-71.1399956,Clouds,76.96,78,1020,11.5,40,TC
491,umzimvubu,-30.82491,28.92177617804983,Clear,57.69,87,1015,3.42,1,ZA
492,havre-saint-pierre,50.2463647,-63.6003951,Clouds,24.75,74,1006,9.08,99,CA
493,svetlogorsk,54.9417552,20.1550863,Clouds,46.0,89,1018,8.84,100,RU
494,puerto escondido,15.8693331,-97.0726428,Clear,75.96,84,1015,4.45,5,MX
495,quatre cocos,-20.2094657,57.7705601,Clear,72.21,75,1016,1.95,10,MU
496,san vicente,6.2826869,-75.3317647,Clouds,60.24,88,1026,3.44,40,CO
497,shimoda,34.679545,138.945379,Clouds,44.98,58,1019,6.17,99,JP
498,tabuk,28.4012536,36.567049,Clouds,55.45,76,1020,11.5,75,SA
499,nalut,31.8637865,10.9827903,Clear,45.91,57,1029,5.1,0,LY
500,rundu,-17.913716,19.7672535,Clouds,65.73,87,1011,5.99,77,NA
501,kamenskoye,53.1793307,37.7767378,Clouds,42.46,88,1010,22.26,100,RU
502,san gavino monreale,39.550941,8.791934,Clouds,45.84,82,1027,5.41,26,IT
503,nicoya,10.1488271,-85.4532657,Clouds,74.84,85,1014,2.28,68,CR
504,poso,-1.3948289,120.7539369,Clouds,85.68,59,1010,3.8,100,ID
505,pottsville,40.6851324,-76.1953701,Clouds,41.54,91,1017,4.54,87,US
506,conde,-11.8129758,-37.6138705,Clouds,75.29,90,1014,7.34,71,BR
507,westport,41.1414855,-73.3578955,Clouds,42.24,71,1016,6.91,20,US
508,tolaga bay,-38.3744789,178.2990965,Clouds,63.52,73,1024,10.0,100,NZ
509,mogadishu,2.0349312,45.3419183,Clouds,77.14,84,1013,15.99,78,SO
510,pinega,64.697281,43.392376,Clouds,26.51,93,986,8.57,100,RU
511,aflu,34.11252,2.10029,Clouds,39.51,43,1028,6.71,97,DZ
512,rocha,-34.4810095,-54.3365608,Clouds,70.61,85,1009,7.72,100,UY
513,rock sound,24.8644542,-76.1584835,Clear,76.91,72,1021,13.04,0,BS
514,tran,42.8354054,22.6517667,Clouds,42.6,79,1031,3.6,49,BG
515,chepareria,1.316616,35.2,Clear,57.78,71,1016,4.83,3,KE
516,pittsburg,40.4416941,-79.9900861,Clouds,50.52,90,1018,8.05,100,US
517,mchinji,-13.7971726,32.8874963,Clouds,60.57,97,1014,3.65,60,MW
518,rawannawi,2.0520799,173.2627529,Clouds,81.66,72,1007,16.22,89,KI
519,kiama,-34.6958202,150.79591231385055,Clear,75.99,65,1011,10.0,0,AU
520,san julian,35.9199225,14.4877119,Clouds,54.16,94,1030,2.3,40,MT
521,tiznit,29.698624,-9.7312815,Clear,60.08,35,1024,3.42,2,MA
522,gwanda,12.5772,8.568,Clear,56.84,34,1016,9.15,0,NG
523,labutta,16.3527339,95.25289907403995,Clouds,71.35,41,1018,7.63,12,MM
524,san cristobal,7.7756663,-72.2214154,Clouds,64.27,97,1017,2.71,61,VE
525,saint george,12.0535331,-61.751805,Rain,74.28,94,1014,11.5,20,GD
526,lubango,-14.9195617,13.4897509,Rain,60.46,95,1012,2.28,100,AO
527,wamba,41.676222,-4.9172803,Clouds,47.01,91,1019,14.97,75,ES
528,adre,13.4664563,22.1977187,Clear,60.04,36,1015,17.2,0,TD
529,turan,52.1458093,93.9186434,Clouds,-4.7,98,1047,0.85,100,RU
530,bria,45.82,-0.249167,Rain,53.1,90,1015,4.61,100,FR
531,sorland,61.8986221,5.7912616,Clouds,28.96,74,1008,5.75,100,NO
532,tunduru,-11.0422376,37.3350655,Clouds,66.87,96,1013,2.8,98,TZ
533,bagotville,-28.9816667,153.4177778,Clear,80.85,66,1011,11.5,0,AU
534,bernay,49.0902278,0.5989157,Rain,50.04,89,1012,10.22,100,FR
535,bacuit,11.1800079,119.3904846,Clouds,81.91,77,1012,14.07,100,PH
536,boyolangu,-8.2106455,114.3178293,Clouds,83.97,66,1010,1.21,100,ID
537,segou,13.441518,-6.268147,Clouds,68.36,15,1014,8.39,21,ML
538,tarko-sale,64.9219991,77.779459,Clouds,-28.34,99,1028,7.54,32,RU
539,vanimo,-2.6847646,141.3009131,Clouds,87.01,64,1008,4.43,99,PG
540,ust-maya,60.416439,134.536499,Clouds,-30.15,97,1020,1.61,99,RU
541,steamboat springs,40.4848003,-106.8317359,Rain,35.26,85,1004,1.01,100,US
542,antofagasta,-23.6463741,-70.3980033,Clouds,65.59,81,1018,5.32,43,CL
543,jiexiu,37.031378,112.001713,Clear,31.69,32,1037,3.56,1,CN
544,roma,41.8933203,12.4829321,Clear,51.76,78,1029,2.3,0,IT
545,afsin,38.2438548,36.9152873,Clear,31.33,39,1033,2.06,0,TR
546,yanan,13.48431,44.056658,Clear,48.47,85,1019,7.47,0,YE
547,ciudad real,38.9854201,-3.9285138,Clouds,52.59,53,1022,4.0,100,ES
548,camana,-11.9873096,-73.1217654,Clouds,69.75,98,1013,2.44,100,PE
549,malanje,-9.5483991,16.3475335,Rain,62.58,99,1012,3.74,100,AO
550,zhanaozen,43.3381034,52.8556219,Clouds,37.17,87,1029,10.29,100,KZ
551,formoso do araguaia,-11.8059989,-49.5257153,Clouds,73.06,91,1012,2.77,73,BR
552,sulangan,11.1374233,123.7223318,Clouds,79.79,82,1012,10.29,98,PH
553,linxia,35.4787351,103.038525,Clouds,23.23,48,1036,1.68,44,CN
554,taree,-31.912864,152.4608481,Clear,81.05,1,1011,9.46,0,AU
555,bourail,-21.519406500000002,165.44172309591033,Clouds,80.24,63,1003,8.55,73,NC
556,solnechnyy,50.723808,136.64006,Clouds,-9.31,88,1015,1.52,87,RU
557,batagay-alyta,67.799362,130.403229,Clouds,-21.66,99,1020,2.98,100,RU
558,pozo colorado,-17.8378269,-63.3348721,Clouds,77.0,82,1008,7.07,29,BO
559,rafaela,-31.2526923,-61.4916758,Clear,70.99,65,1011,5.01,0,AR
560,dhidhdhoo,6.889046,73.1133538,Clouds,80.24,70,1014,8.41,94,MV
561,hervey bay,-25.2985784,152.8535216,Clouds,81.01,61,1007,8.01,71,AU
562,margate,51.3878174,1.3819699,Rain,45.18,94,1009,4.0,100,GB
563,quanzhou,24.8755492,118.6723605,Clouds,60.31,68,1027,13.58,92,CN
564,stulovo,55.8464877,38.3087589,Rain,35.35,88,1006,15.28,100,RU
565,camocim,-2.9009918,-40.8427389,Clouds,78.64,84,1012,11.7,100,BR
